dataset,model,instance_idx,method,spearman_mean,spearman_std,mse_mean,mse_std,n_budget,k_runs
california,ridge,0,abc_corrected,1.0,0.0,2.0536817715809238e-16,1.0599124540560969e-16,5000,30
california,ridge,0,dirichlet_strong,1.0,0.0,2.2669352247314767e-16,1.6846009134309102e-16,5000,30
california,ridge,0,b1_uniform,1.0,0.0,3.785467888327915e-16,1.6000926334260203e-16,5000,30
california,ridge,0,b2_stratified,1.0,0.0,3.34713881552006e-17,1.8156625035876487e-17,5000,30
california,ridge,1,abc_corrected,1.0,0.0,2.316890941482197e-16,1.1393375009207478e-16,5000,30
california,ridge,1,dirichlet_strong,1.0,0.0,2.2202132412226698e-16,8.115611653122854e-17,5000,30
california,ridge,1,b1_uniform,1.0,0.0,3.3391511449319533e-16,1.4453089086649223e-16,5000,30
california,ridge,1,b2_stratified,1.0,0.0,2.925925453912022e-17,1.8879966205704682e-17,5000,30
california,ridge,2,abc_corrected,1.0,0.0,1.2942546609850194e-16,6.19104583912294e-17,5000,30
california,ridge,2,dirichlet_strong,1.0,0.0,1.8294376317756972e-16,1.361660931197111e-16,5000,30
california,ridge,2,b1_uniform,1.0,0.0,2.455583776750063e-16,1.0846088638777597e-16,5000,30
california,ridge,2,b2_stratified,1.0,0.0,2.655317186934171e-17,1.5203083874397425e-17,5000,30
california,ridge,3,abc_corrected,1.0,0.0,8.297351533515619e-17,3.965826803314633e-17,5000,30
california,ridge,3,dirichlet_strong,1.0,0.0,6.927690417948111e-17,2.47347419351234e-17,5000,30
california,ridge,3,b1_uniform,1.0,0.0,9.062005484556772e-17,3.914929923105954e-17,5000,30
california,ridge,3,b2_stratified,1.0,0.0,1.4023066772339414e-17,8.606068372218018e-18,5000,30
california,ridge,4,abc_corrected,1.0,0.0,1.3671777633930095e-15,6.864976400284353e-16,5000,30
california,ridge,4,dirichlet_strong,1.0,0.0,1.8177586966583635e-15,8.927532124131194e-16,5000,30
california,ridge,4,b1_uniform,1.0,0.0,3.871042613651055e-15,1.3565839009503882e-15,5000,30
california,ridge,4,b2_stratified,1.0,0.0,5.184146392350726e-16,2.2160702527153173e-16,5000,30
california,ridge,5,abc_corrected,1.0,0.0,4.194918922176066e-16,1.7220258093025362e-16,5000,30
california,ridge,5,dirichlet_strong,1.0,0.0,6.014982310971653e-16,4.265028567052634e-16,5000,30
california,ridge,5,b1_uniform,1.0,0.0,1.2949299063004683e-15,5.208875022672437e-16,5000,30
california,ridge,5,b2_stratified,1.0,0.0,1.4794776642088985e-16,6.652028529828746e-17,5000,30
california,ridge,6,abc_corrected,1.0,0.0,1.4210906682358496e-16,8.095403235766955e-17,5000,30
california,ridge,6,dirichlet_strong,1.0,0.0,1.8271990867893843e-16,1.2768357487916757e-16,5000,30
california,ridge,6,b1_uniform,1.0,0.0,3.481917420977831e-16,1.3697939150827964e-16,5000,30
california,ridge,6,b2_stratified,1.0,0.0,3.460938190411372e-17,2.7122834055866298e-17,5000,30
california,ridge,7,abc_corrected,1.0,0.0,3.9574369268552105e-17,2.682476548484911e-17,5000,30
california,ridge,7,dirichlet_strong,1.0,0.0,4.5625535261514395e-17,4.3640267496890366e-17,5000,30
california,ridge,7,b1_uniform,1.0,0.0,8.700869163926467e-17,4.1824934861174883e-17,5000,30
california,ridge,7,b2_stratified,1.0,0.0,1.0644549941759013e-17,6.615905481211399e-18,5000,30
california,ridge,8,abc_corrected,1.0,0.0,6.828912864414774e-15,3.917274182654418e-15,5000,30
california,ridge,8,dirichlet_strong,1.0,0.0,6.38524421148947e-15,3.1367662753102532e-15,5000,30
california,ridge,8,b1_uniform,1.0,0.0,1.679335654715653e-14,8.698517709217132e-15,5000,30
california,ridge,8,b2_stratified,1.0,0.0,1.6762152159136776e-15,7.870803155594684e-16,5000,30
california,ridge,9,abc_corrected,1.0,0.0,5.323842549132552e-16,4.0225182009413787e-16,5000,30
california,ridge,9,dirichlet_strong,1.0,0.0,4.964188959540377e-16,3.177791793377118e-16,5000,30
california,ridge,9,b1_uniform,1.0,0.0,1.0983153243673114e-15,4.864432766516769e-16,5000,30
california,ridge,9,b2_stratified,1.0,0.0,1.1792553593800982e-16,6.128734956090428e-17,5000,30
california,rf,0,abc_corrected,0.96984126984127,0.035811156103741186,0.004192003625927982,0.004357635718400919,5000,30
california,rf,0,dirichlet_strong,0.9761904761904762,0.03636964837266538,0.00576893253099552,0.00527007844764039,5000,30
california,rf,0,b1_uniform,0.9761904761904762,0.015058465048420835,0.0018683501015523364,0.0006021013296450228,5000,30
california,rf,0,b2_stratified,0.9952380952380951,0.00952380952380949,0.00016200387055262074,0.00011357298758708948,5000,30
california,rf,1,abc_corrected,0.9753968253968253,0.027135430154410712,0.001941918764192504,0.001533049321193544,5000,30
california,rf,1,dirichlet_strong,0.9714285714285715,0.033333333333333326,0.0018661578388007543,0.0019367800850561962,5000,30
california,rf,1,b1_uniform,0.9246031746031745,0.034821287251556046,0.0012611650095879386,0.00019775583050492775,5000,30
california,rf,1,b2_stratified,1.0,0.0,4.364211849091922e-05,4.2643291525963646e-05,5000,30
california,rf,2,abc_corrected,0.8753968253968253,0.09049359342514367,0.041596072984603015,0.035161820255387236,5000,30
california,rf,2,dirichlet_strong,0.8904761904761905,0.08531653746270912,0.03478848873750381,0.04510088232524745,5000,30
california,rf,2,b1_uniform,0.8785714285714284,0.04139936938331737,0.007975806306425927,0.00268471094812744,5000,30
california,rf,2,b2_stratified,0.9960317460317459,0.010794817864075726,0.0012361257749310289,0.001393290670710406,5000,30
california,rf,3,abc_corrected,0.7857142857142858,0.18595832561682507,0.005687185173482463,0.004774258145387757,5000,30
california,rf,3,dirichlet_strong,0.880952380952381,0.11517511068997927,0.005668039324641504,0.008326526514156728,5000,30
california,rf,3,b1_uniform,0.8253968253968256,0.0654461210415501,0.002866719336577562,0.0008053155425565141,5000,30
california,rf,3,b2_stratified,0.9960317460317459,0.008873285624999134,0.00014027264386733484,6.37939443720347e-05,5000,30
california,rf,4,abc_corrected,0.8023809523809524,0.10362842803012091,0.02269171104009044,0.021018215327094924,5000,30
california,rf,4,dirichlet_strong,0.7920634920634922,0.13383315236972276,0.02143580003463907,0.021533676989777532,5000,30
california,rf,4,b1_uniform,0.9039682539682539,0.04701334355434882,0.0022423959787478505,0.000936635594600624,5000,30
california,rf,4,b2_stratified,0.9873015873015873,0.014720029357929655,0.0005135217834550899,0.000594616658745885,5000,30
california,rf,5,abc_corrected,0.8349206349206348,0.1393665256460371,0.004001944121243894,0.0037346384572644322,5000,30
california,rf,5,dirichlet_strong,0.9063492063492063,0.06704353041886627,0.0033010599122191057,0.003971820098010471,5000,30
california,rf,5,b1_uniform,0.9476190476190476,0.0142857142857143,0.001040057701205511,0.0002875309890509446,5000,30
california,rf,5,b2_stratified,0.9960317460317459,0.008873285624999134,7.801403161000403e-05,7.297669555019443e-05,5000,30
california,rf,6,abc_corrected,0.9190476190476192,0.09692942629061603,0.020814282952343964,0.022974590082309922,5000,30
california,rf,6,dirichlet_strong,0.8960317460317461,0.12007230961552774,0.02607970586415414,0.02588984055107066,5000,30
california,rf,6,b1_uniform,0.9960317460317459,0.008873285624999134,0.0008511733270305619,0.0004187829563432807,5000,30
california,rf,6,b2_stratified,0.973015873015873,0.03463083210995462,0.0006241441005237703,0.0007064188008173794,5000,30
california,rf,7,abc_corrected,0.9825396825396825,0.01365448455086128,0.001058143674636748,0.0011859594887615112,5000,30
california,rf,7,dirichlet_strong,0.9801587301587301,0.018527964333220216,0.0016054000215090665,0.001634005258894562,5000,30
california,rf,7,b1_uniform,0.9992063492063491,0.004273940323122608,0.0003270765965109665,9.103630618029072e-05,5000,30
california,rf,7,b2_stratified,0.9968253968253968,0.008093681767607564,5.049303080800025e-05,4.823222719959355e-05,5000,30
california,rf,8,abc_corrected,0.8777777777777779,0.08332955395813767,0.012073857833784736,0.012584132856741596,5000,30
california,rf,8,dirichlet_strong,0.8674603174603176,0.0986843409227677,0.017145444847403973,0.015037501418941437,5000,30
california,rf,8,b1_uniform,0.9753968253968253,0.01893152451091515,0.0006251501567946462,0.00037822324905319567,5000,30
california,rf,8,b2_stratified,0.9888888888888888,0.013374840909803707,0.0004178700576413096,0.00037711656106533686,5000,30
california,rf,9,abc_corrected,0.8253968253968255,0.10089046718775047,0.015331412772094825,0.014620237082751324,5000,30
california,rf,9,dirichlet_strong,0.8674603174603174,0.12579052121689108,0.01744058267710709,0.01983449785040681,5000,30
california,rf,9,b1_uniform,0.8087301587301587,0.04280567161956125,0.0015233269870153021,0.0006485282803586664,5000,30
california,rf,9,b2_stratified,0.9793650793650793,0.01595218352558869,0.0003814923793492222,0.00028052010155030466,5000,30
california,mlp,0,abc_corrected,0.9642857142857142,0.052073411753410286,0.008201800144736846,0.008911399991895046,5000,30
california,mlp,0,dirichlet_strong,0.973015873015873,0.021936944382675006,0.010222356753474847,0.011352618438961131,5000,30
california,mlp,0,b1_uniform,0.9849206349206349,0.014395521545410326,0.0012029138248260966,0.0006896845995291648,5000,30
california,mlp,0,b2_stratified,0.9833333333333333,0.015245533898649608,0.00044639029726254917,0.0002791499303624216,5000,30
california,mlp,1,abc_corrected,0.9777777777777777,0.028791043090820687,0.002544666856665825,0.0019801433449575024,5000,30
california,mlp,1,dirichlet_strong,0.9547619047619047,0.052290687015965474,0.002255620799959115,0.0026695855836717922,5000,30
california,mlp,1,b1_uniform,0.9690476190476188,0.015245533898649626,0.0015602892014247452,0.0003632868659346252,5000,30
california,mlp,1,b2_stratified,0.9809523809523809,0.015552315827194753,6.563918744967808e-05,4.4575710838225304e-05,5000,30
california,mlp,2,abc_corrected,0.9134920634920632,0.07979644675730843,0.01375089748824031,0.010725643163996755,5000,30
california,mlp,2,dirichlet_strong,0.9261904761904761,0.08117383341969488,0.010475968249639088,0.010734833060154025,5000,30
california,mlp,2,b1_uniform,0.9246031746031744,0.008873285624999217,0.008356870790677791,0.0013996069363401036,5000,30
california,mlp,2,b2_stratified,0.9968253968253968,0.008093681767607564,0.00027336562542772103,0.00020792958825401904,5000,30
california,mlp,3,abc_corrected,0.811904761904762,0.18446363586193457,0.07006100644014485,0.06773416200780114,5000,30
california,mlp,3,dirichlet_strong,0.7428571428571428,0.2139680184634378,0.059559621887662666,0.08423188583955828,5000,30
california,mlp,3,b1_uniform,0.8531746031746034,0.05569709860165952,0.004854111091224351,0.0027786386389630625,5000,30
california,mlp,3,b2_stratified,0.9793650793650793,0.029311405258125953,0.0015371508624002258,0.0015089134919755091,5000,30
california,mlp,4,abc_corrected,0.8365079365079365,0.11026891703465654,0.018996120264946303,0.01659898555782525,5000,30
california,mlp,4,dirichlet_strong,0.8912698412698412,0.10114300162406603,0.01890850494510218,0.023018027021847513,5000,30
california,mlp,4,b1_uniform,0.9349206349206349,0.052139897478275674,0.0009447590215123961,0.0003796284605751234,5000,30
california,mlp,4,b2_stratified,0.9674603174603177,0.047413577876964555,0.00030579598570265083,0.0002515391301068188,5000,30
california,mlp,5,abc_corrected,0.9198412698412699,0.03911498898524318,0.035555051533286766,0.03062015707001466,5000,30
california,mlp,5,dirichlet_strong,0.9166666666666665,0.030583887092059843,0.04276086462282237,0.043861915630006215,5000,30
california,mlp,5,b1_uniform,0.8944444444444443,0.057236475340008836,0.001141989986303701,0.0005859800400926382,5000,30
california,mlp,5,b2_stratified,0.9698412698412696,0.026033681693423346,0.0008832578966628514,0.0007827971670657586,5000,30
california,mlp,6,abc_corrected,0.7682539682539684,0.13369188374124166,0.008975613717827161,0.006869250849740987,5000,30
california,mlp,6,dirichlet_strong,0.8388888888888889,0.11396836450452257,0.006204392045264419,0.005418181807559543,5000,30
california,mlp,6,b1_uniform,0.9238095238095237,0.009523809523809578,0.0008689790204765636,0.00022304562405387875,5000,30
california,mlp,6,b2_stratified,0.9476190476190477,0.03098289094594149,0.00014106022904431092,9.473807246500977e-05,5000,30
california,mlp,7,abc_corrected,0.9785714285714284,0.01776430895682489,0.002941746106809335,0.0025750683690193414,5000,30
california,mlp,7,dirichlet_strong,0.9793650793650793,0.017095761292490463,0.0030651206076389177,0.003384358064562065,5000,30
california,mlp,7,b1_uniform,0.9849206349206348,0.011473676424445167,0.00040470670215511423,0.0001658767514590247,5000,30
california,mlp,7,b2_stratified,1.0,0.0,9.13442402507537e-05,7.189682655489769e-05,5000,30
california,mlp,8,abc_corrected,0.9658730158730157,0.036722969210346894,0.05284406018727979,0.0645101935137986,5000,30
california,mlp,8,dirichlet_strong,0.965079365079365,0.0346308321099546,0.03290189040956947,0.03408924462124834,5000,30
california,mlp,8,b1_uniform,1.0,0.0,0.00641024778408356,0.0017822474339587158,5000,30
california,mlp,8,b2_stratified,0.9928571428571428,0.01091089451179958,0.0007062259826810141,0.0007664339055080519,5000,30
california,mlp,9,abc_corrected,0.942063492063492,0.058864068700916344,0.009679393701453395,0.01106125661722509,5000,30
california,mlp,9,dirichlet_strong,0.9595238095238093,0.030210898905832166,0.012101299507949413,0.010991303574557963,5000,30
california,mlp,9,b1_uniform,0.9777777777777776,0.01219229483788665,0.0015200236620034418,0.0004170655255068479,5000,30
california,mlp,9,b2_stratified,1.0,0.0,0.0001497746324149996,9.628997503812346e-05,5000,30
adult,ridge,0,abc_corrected,0.96014652014652,0.04278187561150551,0.0010152667347001724,0.0009890935818067754,5000,30
adult,ridge,0,dirichlet_strong,0.9578021978021977,0.04288211914274812,0.0010552199751365549,0.0009287176793058969,5000,30
adult,ridge,0,b1_uniform,0.9624908424908425,0.02013466184474946,0.0005320181202747714,0.0002319756391273724,5000,30
adult,ridge,0,b2_stratified,0.9954578754578755,0.0028898289997532495,5.9968564469586394e-05,5.641008893604653e-05,5000,30
adult,ridge,1,abc_corrected,0.8933333333333334,0.06961110326990196,0.0005198861644294429,0.000419903419413011,5000,30
adult,ridge,1,dirichlet_strong,0.9097435897435898,0.06631133416657578,0.0005825379681983007,0.0006336959876039316,5000,30
adult,ridge,1,b1_uniform,0.9112087912087913,0.053863643717065104,0.000158438287891756,6.986092839199245e-05,5000,30
adult,ridge,1,b2_stratified,0.9797802197802199,0.014202632458376682,3.835293441002982e-05,1.885666608539383e-05,5000,30
adult,ridge,2,abc_corrected,0.9636630036630038,0.04580623794283011,0.0002967417345937355,0.0002857049454446948,5000,30
adult,ridge,2,dirichlet_strong,0.9500366300366302,0.05837481058569025,0.0003182849663214147,0.00026791824014750596,5000,30
adult,ridge,2,b1_uniform,0.9781684981684983,0.010054528037683624,7.668728118349831e-05,3.5388758827162016e-05,5000,30
adult,ridge,2,b2_stratified,0.9894505494505494,0.007051258265503849,1.8036980736861976e-05,1.7118441956603087e-05,5000,30
adult,ridge,3,abc_corrected,0.8690109890109892,0.07175658693658714,0.0002520544319118458,0.00023967338948031232,5000,30
adult,ridge,3,dirichlet_strong,0.8832234432234433,0.07502360901649957,0.0002621564534119542,0.000268701103747817,5000,30
adult,ridge,3,b1_uniform,0.9431501831501831,0.030303823638493814,6.865959706002423e-05,4.2306900232351166e-05,5000,30
adult,ridge,3,b2_stratified,0.9815384615384616,0.010610324975959921,1.9895660556887094e-05,1.2530151894701563e-05,5000,30
adult,ridge,4,abc_corrected,0.9605860805860807,0.047321470881139895,0.0003194330739117855,0.00024354522796923487,5000,30
adult,ridge,4,dirichlet_strong,0.9765567765567766,0.04534555906094217,0.0002711608947382416,0.00026149821489006384,5000,30
adult,ridge,4,b1_uniform,0.934945054945055,0.031907768706382296,0.0004202487129603404,0.00012810409978189648,5000,30
adult,ridge,4,b2_stratified,0.9976556776556776,0.0027175438814639663,1.9069112641366313e-05,1.5059130617101642e-05,5000,30
adult,ridge,5,abc_corrected,0.9810989010989012,0.016016334293941024,9.229820924719514e-05,9.770542329659556e-05,5000,30
adult,ridge,5,dirichlet_strong,0.9692307692307693,0.01580788742477503,0.00019502775278614398,0.00012702796892750587,5000,30
adult,ridge,5,b1_uniform,0.9853479853479854,0.006250763079179909,2.9247374902934485e-05,1.7546079294440766e-05,5000,30
adult,ridge,5,b2_stratified,0.9953113553113553,0.004081578982324998,8.686541217546651e-06,6.970558849785824e-06,5000,30
adult,ridge,6,abc_corrected,0.9241025641025641,0.06417114071257332,0.0005278787525865004,0.0003461366339405004,5000,30
adult,ridge,6,dirichlet_strong,0.9132600732600733,0.09023262138332333,0.0005599671867639918,0.0005589553026054796,5000,30
adult,ridge,6,b1_uniform,0.974945054945055,0.014804336439372586,0.00014002676690167036,4.941584277268198e-05,5000,30
adult,ridge,6,b2_stratified,0.9934065934065934,0.004504154182839351,4.7275098220384886e-05,2.7364893310151167e-05,5000,30
adult,ridge,7,abc_corrected,0.9854945054945056,0.012492077753578726,0.0002136977894576064,0.00020583035914669974,5000,30
adult,ridge,7,dirichlet_strong,0.9818315018315019,0.015837736693768967,0.0003409670043793613,0.00031434535828015993,5000,30
adult,ridge,7,b1_uniform,0.9895970695970696,0.006057150654533138,4.9408186902443106e-05,5.789778075909965e-05,5000,30
adult,ridge,7,b2_stratified,0.9967765567765567,0.004670293758390998,1.6654103910767726e-05,1.7905854851819613e-05,5000,30
adult,ridge,8,abc_corrected,0.9683516483516484,0.02219381242931747,0.0008898502881201601,0.0007947389392538831,5000,30
adult,ridge,8,dirichlet_strong,0.9764102564102565,0.010554536828396724,0.000882208152961545,0.0007369209055820392,5000,30
adult,ridge,8,b1_uniform,0.9850549450549451,0.00815263164439182,0.0003060828540659536,0.00018939406560201423,5000,30
adult,ridge,8,b2_stratified,0.9967765567765567,0.0046702937583909775,4.85784994815443e-05,3.229386690114512e-05,5000,30
adult,ridge,9,abc_corrected,0.9629304029304031,0.02584783163011032,0.002354398286790868,0.002292534541120087,5000,30
adult,ridge,9,dirichlet_strong,0.9698168498168499,0.025269522212231596,0.0016840572155560455,0.0017996489587808482,5000,30
adult,ridge,9,b1_uniform,0.8643223443223443,0.06893052711970211,0.0014313257383122022,0.0005377009156352243,5000,30
adult,ridge,9,b2_stratified,0.985934065934066,0.013779127262134773,0.00023987963121386506,0.00028895818093324123,5000,30
adult,rf,0,abc_corrected,0.9453479853479853,0.053059919870593254,0.007989045634495245,0.007871378918133814,5000,30
adult,rf,0,dirichlet_strong,0.9462271062271062,0.046180816586326286,0.005176571415717843,0.005591999036414951,5000,30
adult,rf,0,b1_uniform,0.9123809523809524,0.03784533416398387,0.005804008962695154,0.0034534355959243306,5000,30
adult,rf,0,b2_stratified,0.9885714285714287,0.00695932136969251,0.00037520209877519765,0.00035978217670091926,5000,30
adult,rf,1,abc_corrected,0.8947985347985349,0.08305973683762351,0.0005155725606226768,0.0005004634476831088,5000,30
adult,rf,1,dirichlet_strong,0.9050549450549451,0.08598323542026406,0.0004411603643129685,0.00046185659395814056,5000,30
adult,rf,1,b1_uniform,0.8990476190476192,0.04718517473055284,0.0003459126403466856,9.662724465281014e-05,5000,30
adult,rf,1,b2_stratified,0.9648351648351648,0.02537803381053298,3.1987727077774944e-05,1.5313968693694473e-05,5000,30
adult,rf,2,abc_corrected,0.8905494505494507,0.06284689585781536,0.0032656751486941317,0.002367827766178267,5000,30
adult,rf,2,dirichlet_strong,0.8937728937728939,0.0725570665193304,0.0033229989472250087,0.003150462549118199,5000,30
adult,rf,2,b1_uniform,0.8810256410256412,0.03765767301336682,0.0025199159279483143,0.0008763250588709931,5000,30
adult,rf,2,b2_stratified,0.9828571428571429,0.011481982826939205,0.00021954347268901772,0.0001073621146106424,5000,30
adult,rf,3,abc_corrected,0.8990476190476192,0.06742617714116514,0.0007232121735358139,0.000612273968376868,5000,30
adult,rf,3,dirichlet_strong,0.8984615384615385,0.08498686355321704,0.000554406340612436,0.0005678740753907919,5000,30
adult,rf,3,b1_uniform,0.9387545787545787,0.021769955283643366,0.00037474185665763914,0.00015629002347080837,5000,30
adult,rf,3,b2_stratified,0.9853479853479854,0.008593628306880659,3.841376143172486e-05,2.3481636080894734e-05,5000,30
adult,rf,4,abc_corrected,0.7384615384615386,0.1519368705195489,0.008677929930050588,0.006772016860634959,5000,30
adult,rf,4,dirichlet_strong,0.6668131868131867,0.1754956637980404,0.00971689319959257,0.0071236714498469885,5000,30
adult,rf,4,b1_uniform,0.5998534798534799,0.13418949849270098,0.009422154401623877,0.0026204565162908124,5000,30
adult,rf,4,b2_stratified,0.9572161172161173,0.02064634719860343,0.000952112007186331,0.0008279083463723989,5000,30
adult,rf,5,abc_corrected,0.9299633699633699,0.04058793188144948,0.0025456202543029066,0.002293511460802183,5000,30
adult,rf,5,dirichlet_strong,0.9607326007326009,0.029287907653238233,0.0014691040321630554,0.0016630854934288582,5000,30
adult,rf,5,b1_uniform,0.9359706959706959,0.029610485480775633,0.000994338719295378,0.0003427595984044267,5000,30
adult,rf,5,b2_stratified,0.9832967032967034,0.01718975457999993,0.0001247847020230091,8.451817136676275e-05,5000,30
adult,rf,6,abc_corrected,0.9010989010989012,0.077606591715705,0.0006156025768111216,0.0006377154911083584,5000,30
adult,rf,6,dirichlet_strong,0.9085714285714287,0.04444272695899277,0.0007321362500807918,0.0007521000194781651,5000,30
adult,rf,6,b1_uniform,0.9003663003663005,0.045811861675282756,0.0005532864486138891,0.00019318438314841664,5000,30
adult,rf,6,b2_stratified,0.9875457875457876,0.010407056912574205,4.7069620060664685e-05,2.3775951162168198e-05,5000,30
adult,rf,7,abc_corrected,0.9299633699633699,0.04817728579015025,0.0006330858955168612,0.0004930172321226329,5000,30
adult,rf,7,dirichlet_strong,0.9536996336996338,0.027279517357332212,0.000560225104411318,0.0005747837390360043,5000,30
adult,rf,7,b1_uniform,0.9342124542124542,0.02262728417015763,0.0002575150590588964,0.00010496381615155769,5000,30
adult,rf,7,b2_stratified,0.9906227106227107,0.00733186578941936,4.0869973329309855e-05,3.56040287476755e-05,5000,30
adult,rf,8,abc_corrected,0.8420512820512821,0.13377345545902325,0.0038797029203440636,0.003957052242927198,5000,30
adult,rf,8,dirichlet_strong,0.8360439560439562,0.13587632508836328,0.005414879970398689,0.004626255127722637,5000,30
adult,rf,8,b1_uniform,0.8606593406593407,0.04411911144671483,0.003282123623700613,0.0013540523589322324,5000,30
adult,rf,8,b2_stratified,0.946959706959707,0.027960405431505513,0.0003020857536056142,0.00021663696790235457,5000,30
adult,rf,9,abc_corrected,0.895824175824176,0.06626680388236483,0.0047833946425530635,0.004569556882846195,5000,30
adult,rf,9,dirichlet_strong,0.9148717948717949,0.07129812452193701,0.0037495968533150237,0.004058748202703727,5000,30
adult,rf,9,b1_uniform,0.8336996336996338,0.05623492088730534,0.0023585977095991204,0.001011902331047303,5000,30
adult,rf,9,b2_stratified,0.974945054945055,0.016374240960022095,0.0002111009922681816,0.0003119200135677162,5000,30
adult,mlp,0,abc_corrected,0.8987545787545789,0.08809858118899451,0.002902027791970561,0.0024505004130469265,5000,30
adult,mlp,0,dirichlet_strong,0.9321611721611721,0.07316345276859676,0.0026081616533119105,0.002684076659088237,5000,30
adult,mlp,0,b1_uniform,0.8917216117216119,0.05355286300508133,0.005213512429974616,0.001125351212471679,5000,30
adult,mlp,0,b2_stratified,0.9805128205128206,0.014784020735805238,0.00020936491146094152,0.00011904283842492326,5000,30
adult,mlp,1,abc_corrected,0.8524542124542125,0.08895124542003115,0.0010352897939703578,0.0008370413028080271,5000,30
adult,mlp,1,dirichlet_strong,0.8512820512820515,0.08018883106799118,0.0011661879403960377,0.0011004805626147703,5000,30
adult,mlp,1,b1_uniform,0.8205128205128207,0.052392990240528424,0.0006130536773102886,0.00023986375525752708,5000,30
adult,mlp,1,b2_stratified,0.9676190476190477,0.018422541521009864,0.00013187518155974203,8.372650333771706e-05,5000,30
adult,mlp,2,abc_corrected,0.9343589743589746,0.051033621174131655,0.0004420746332035584,0.0005575923208819083,5000,30
adult,mlp,2,dirichlet_strong,0.927032967032967,0.06715931166517548,0.0004895424732191902,0.00048353382053335065,5000,30
adult,mlp,2,b1_uniform,0.9371428571428572,0.027734138996654677,0.00024455291994811696,0.00010581390337164127,5000,30
adult,mlp,2,b2_stratified,0.9802197802197803,0.011615822989291475,2.597614818144672e-05,1.874362941476258e-05,5000,30
adult,mlp,3,abc_corrected,0.8654945054945055,0.08179132026101456,0.0007919279596364837,0.0008398555588916691,5000,30
adult,mlp,3,dirichlet_strong,0.8452747252747254,0.08544825815827929,0.0010203990099364212,0.0010446984614147538,5000,30
adult,mlp,3,b1_uniform,0.9175091575091575,0.04192652934990408,0.00037994813269643973,0.00018433929461991857,5000,30
adult,mlp,3,b2_stratified,0.9895970695970696,0.007820662942172877,7.96220651412042e-05,5.074022756517384e-05,5000,30
adult,mlp,4,abc_corrected,0.9680586080586082,0.019851181895314214,0.0005716467351551721,0.0005248882901726056,5000,30
adult,mlp,4,dirichlet_strong,0.9724542124542126,0.022005355408473832,0.0006976714766256147,0.000626992108542268,5000,30
adult,mlp,4,b1_uniform,0.740805860805861,0.03673216531913398,0.0029596699092062934,0.0008302474533885118,5000,30
adult,mlp,4,b2_stratified,0.9903296703296703,0.007730933894958473,7.085933184438889e-05,5.890026973312774e-05,5000,30
adult,mlp,5,abc_corrected,0.8612454212454215,0.11571205356801727,0.0008309240068323965,0.0006618329646566998,5000,30
adult,mlp,5,dirichlet_strong,0.8795604395604395,0.12200791634466517,0.001051762812726835,0.0008503667601984751,5000,30
adult,mlp,5,b1_uniform,0.9148717948717949,0.043388027126218975,0.00019316069407914128,8.166394561995745e-05,5000,30
adult,mlp,5,b2_stratified,0.9818315018315019,0.014786198753456796,4.6017628022368054e-05,3.2365288535997774e-05,5000,30
adult,mlp,6,abc_corrected,0.8029304029304031,0.13631138636710263,0.002766945482073349,0.0024439839528217805,5000,30
adult,mlp,6,dirichlet_strong,0.8547985347985348,0.07399325426820666,0.001809373191743682,0.0016707525401647967,5000,30
adult,mlp,6,b1_uniform,0.8744322344322345,0.07125475234806998,0.0007241534333982675,0.0003102131450381493,5000,30
adult,mlp,6,b2_stratified,0.9802197802197803,0.010324213350888062,0.00016087894139518816,0.00010761196052418844,5000,30
adult,mlp,7,abc_corrected,0.9444688644688645,0.033772496481656436,0.0009089273809446965,0.0008904905068070197,5000,30
adult,mlp,7,dirichlet_strong,0.9435897435897436,0.03238227832798133,0.0008436205085949406,0.000811447685829492,5000,30
adult,mlp,7,b1_uniform,0.9109157509157509,0.04315658826694668,0.00035086294605534346,0.00011730792153220059,5000,30
adult,mlp,7,b2_stratified,0.9950183150183151,0.005167821857450076,3.468431471783259e-05,2.437738545408814e-05,5000,30
adult,mlp,8,abc_corrected,0.9566300366300367,0.042537299347695574,0.0015290690941636785,0.001747659719043069,5000,30
adult,mlp,8,dirichlet_strong,0.9378754578754579,0.05516712145440558,0.002229465924818347,0.0020299882082350927,5000,30
adult,mlp,8,b1_uniform,0.9671794871794873,0.013934058230586069,0.0011684158689825828,0.0004468785042376894,5000,30
adult,mlp,8,b2_stratified,0.9895970695970696,0.006468495254108132,0.00010619528391149548,8.981836656304936e-05,5000,30
adult,mlp,9,abc_corrected,0.9402197802197804,0.05016384217208654,0.004922135428581191,0.004006774215149435,5000,30
adult,mlp,9,dirichlet_strong,0.9665934065934068,0.02820503306201545,0.00424793723839375,0.0035065388711213496,5000,30
adult,mlp,9,b1_uniform,0.8460073260073261,0.05682054304642464,0.001417427645528082,0.00042578115425491344,5000,30
adult,mlp,9,b2_stratified,0.9888644688644689,0.007758653359632921,0.00029555172201996125,0.00031260861820946623,5000,30
credit,ridge,0,abc_corrected,0.9946640316205534,0.004341833215621657,0.00015960621620968778,0.00012784166790690094,5000,30
credit,ridge,0,dirichlet_strong,0.9944993412384718,0.004932030142023484,9.295443460193672e-05,7.932039655497613e-05,5000,30
credit,ridge,0,b1_uniform,0.9843214756258234,0.01011493950865308,3.743464296263302e-05,2.2614097230046718e-05,5000,30
credit,ridge,0,b2_stratified,0.9986166007905141,0.0015435276039341087,2.0093007192745906e-05,2.4241722533346895e-05,5000,30
credit,ridge,1,abc_corrected,0.9827075098814227,0.008639890380749818,0.00010069828843277023,7.181308044159896e-05,5000,30
credit,ridge,1,dirichlet_strong,0.984387351778656,0.00715021838542513,0.00010390184203930468,5.8710675638884716e-05,5000,30
credit,ridge,1,b1_uniform,0.9705204216073783,0.011959062147320204,2.1238607425436094e-05,1.0015407368473757e-05,5000,30
credit,ridge,1,b2_stratified,0.9918642951251648,0.004885617282704894,1.1735758939121272e-05,7.149543633316513e-06,5000,30
credit,ridge,2,abc_corrected,0.9262187088274046,0.0518024951240656,0.00043692104466474705,0.00031643497764563555,5000,30
credit,ridge,2,dirichlet_strong,0.9356060606060607,0.04956830316048939,0.00039493422800636216,0.0003628304341105072,5000,30
credit,ridge,2,b1_uniform,0.912878787878788,0.0420435547251133,0.00010076760599792146,5.191634093081532e-05,5000,30
credit,ridge,2,b2_stratified,0.9783267457180501,0.011375611875470221,7.280395373286062e-05,5.2009939032466534e-05,5000,30
credit,ridge,3,abc_corrected,0.934848484848485,0.0321330476530116,0.00010407982616887057,6.441666239433181e-05,5000,30
credit,ridge,3,dirichlet_strong,0.9458498023715414,0.03270576839597546,7.346888914269283e-05,6.040213243899715e-05,5000,30
credit,ridge,3,b1_uniform,0.8996706192358364,0.043023533349934084,2.158127913637087e-05,1.2404178609137088e-05,5000,30
credit,ridge,3,b2_stratified,0.976449275362319,0.017170344697017958,1.2284819785391334e-05,7.5501231187957664e-06,5000,30
credit,ridge,4,abc_corrected,0.985441370223979,0.006564187590782622,5.194334612484246e-05,4.06108862676258e-05,5000,30
credit,ridge,4,dirichlet_strong,0.9876482213438734,0.008855688371145545,5.672371195084463e-05,5.307317998156684e-05,5000,30
credit,ridge,4,b1_uniform,0.9706521739130435,0.017484162656517744,1.50949805661888e-05,1.542479014657844e-05,5000,30
credit,ridge,4,b2_stratified,0.9941699604743086,0.003260869565217431,7.70056817655242e-06,3.973454767775365e-06,5000,30
credit,ridge,5,abc_corrected,0.955566534914361,0.02929024811615435,3.576352206286556e-05,1.8529914590786675e-05,5000,30
credit,ridge,5,dirichlet_strong,0.9548418972332017,0.032576889906530834,3.272293379003135e-05,2.3879978180681924e-05,5000,30
credit,ridge,5,b1_uniform,0.9397562582345192,0.02251936081176869,2.082066372327459e-05,9.5510292395474e-06,5000,30
credit,ridge,5,b2_stratified,0.9922595520421608,0.004441757920754394,7.86775320279516e-06,4.450320770074122e-06,5000,30
credit,ridge,6,abc_corrected,0.9949934123847168,0.0053938048723211635,2.9182648493714253e-05,2.1936546090502636e-05,5000,30
credit,ridge,6,dirichlet_strong,0.9964097496706193,0.0026451141650742915,2.811784803808717e-05,2.5385260237083407e-05,5000,30
credit,ridge,6,b1_uniform,0.9874835309617918,0.00617797505403982,6.828167112581698e-06,4.302720051537167e-06,5000,30
credit,ridge,6,b2_stratified,0.9978590250329382,0.0015536859571897948,3.887855818711779e-06,2.9853936025902093e-06,5000,30
credit,ridge,7,abc_corrected,0.9460803689064557,0.04372659595765366,0.00016060983605060847,0.00013533736968988124,5000,30
credit,ridge,7,dirichlet_strong,0.9575428194993413,0.046696725767029254,0.00017641726373521756,0.00014652953254814838,5000,30
credit,ridge,7,b1_uniform,0.8744729907773388,0.05291098820604364,6.0327094011993564e-05,3.5146114036308044e-05,5000,30
credit,ridge,7,b2_stratified,0.9920619235836626,0.003160854240483133,1.9545411007136525e-05,1.586013603779032e-05,5000,30
credit,ridge,8,abc_corrected,0.9638669301712779,0.02416094907693235,1.5797706552476663e-05,1.1729802418756832e-05,5000,30
credit,ridge,8,dirichlet_strong,0.9768445322793149,0.023314970243906483,1.2554678737850351e-05,1.2044626515918974e-05,5000,30
credit,ridge,8,b1_uniform,0.969631093544137,0.017240054763013053,5.909857581427155e-06,5.89097616776889e-06,5000,30
credit,ridge,8,b2_stratified,0.9920289855072463,0.004806702594717983,1.966665873094067e-06,1.8007327466768487e-06,5000,30
credit,ridge,9,abc_corrected,0.9615942028985507,0.0211313612509521,1.625329188804188e-05,1.271643791661384e-05,5000,30
credit,ridge,9,dirichlet_strong,0.9663702239789196,0.022750866102462665,1.4216999545070987e-05,1.3335848417700774e-05,5000,30
credit,ridge,9,b1_uniform,0.9452898550724638,0.033691144217724144,6.3754355734593275e-06,6.513466011435872e-06,5000,30
credit,ridge,9,b2_stratified,0.9849802371541503,0.004796308734984823,2.550943180524967e-06,1.2314375522074998e-06,5000,30
credit,rf,0,abc_corrected,0.8511528326745718,0.06764577203328,0.0033158524783644325,0.00193398682732147,5000,30
credit,rf,0,dirichlet_strong,0.9018774703557314,0.06566756337243058,0.0019052074625769964,0.001205833168928126,5000,30
credit,rf,0,b1_uniform,0.7358695652173911,0.043645735362510533,0.008999919063512317,0.0010202485610598345,5000,30
credit,rf,0,b2_stratified,0.9690052700922267,0.010804944253702285,0.0006684112077867697,0.00023665528281802887,5000,30
credit,rf,1,abc_corrected,0.6889986824769435,0.13855195808735363,0.008442009283807934,0.006134986249423246,5000,30
credit,rf,1,dirichlet_strong,0.6960144927536233,0.12709509657819063,0.006084019780301413,0.004390557002705383,5000,30
credit,rf,1,b1_uniform,0.27839262187088276,0.1324378410126155,0.020858833776828043,0.0032491251123573047,5000,30
credit,rf,1,b2_stratified,0.8656785243741766,0.04686401917420401,0.0009745907319605583,0.0006175100176150061,5000,30
credit,rf,2,abc_corrected,0.6253623188405797,0.17547280353195086,0.0030330220390656854,0.0023909591790117275,5000,30
credit,rf,2,dirichlet_strong,0.5456851119894598,0.19121437362040386,0.003113790448109279,0.0017723893327073572,5000,30
credit,rf,2,b1_uniform,0.47763504611330704,0.1402186292815529,0.00290030995963345,0.001062335734807879,5000,30
credit,rf,2,b2_stratified,0.8770092226613968,0.04302882855716217,0.000695276015389683,0.0003278829303205345,5000,30
credit,rf,3,abc_corrected,0.7044795783926219,0.11484632044468154,0.0057210285690044126,0.0050722037901640435,5000,30
credit,rf,3,dirichlet_strong,0.808102766798419,0.13687070375833993,0.003614201416409018,0.003028492972256333,5000,30
credit,rf,3,b1_uniform,0.5254611330698288,0.12419437443469732,0.01682293916289538,0.00195960025583797,5000,30
credit,rf,3,b2_stratified,0.9242753623188407,0.0319191714499625,0.0008665649478048882,0.0007826339913553366,5000,30
credit,rf,4,abc_corrected,0.7426548089591568,0.1093588830697703,0.0017923325998671017,0.0012441996602932481,5000,30
credit,rf,4,dirichlet_strong,0.7413043478260869,0.10830790824368025,0.0018425635947832953,0.0015371391244619296,5000,30
credit,rf,4,b1_uniform,0.5045783926218709,0.1333595518403408,0.0024568662851730265,0.000862055087543054,5000,30
credit,rf,4,b2_stratified,0.8991765480895916,0.052013269360725596,0.0005428950759289042,0.0003900585567485716,5000,30
credit,rf,5,abc_corrected,0.8156785243741768,0.08818885630478707,0.001587922162520286,0.001023923930839839,5000,30
credit,rf,5,dirichlet_strong,0.8282279314888011,0.1217015568709724,0.0013230810454468733,0.0009913557787808317,5000,30
credit,rf,5,b1_uniform,0.617094861660079,0.08298071620927176,0.0026189308312712053,0.0004243270924713239,5000,30
credit,rf,5,b2_stratified,0.9492424242424242,0.026277257507046188,0.0002778091559004626,0.00013744897765000723,5000,30
credit,rf,6,abc_corrected,0.6845191040843215,0.13465976742401944,0.001354578175290673,0.000926204102726614,5000,30
credit,rf,6,dirichlet_strong,0.711429512516469,0.1577403379120246,0.0011955176820819555,0.0009307060013847526,5000,30
credit,rf,6,b1_uniform,0.5236166007905138,0.09331724441168127,0.0011888698089993776,0.000328578791339299,5000,30
credit,rf,6,b2_stratified,0.8944664031620554,0.04170959424271184,0.000266489145586272,0.00012051323584997305,5000,30
credit,rf,7,abc_corrected,0.7655138339920948,0.1041216775995271,0.0006463744238101374,0.00037709321426919706,5000,30
credit,rf,7,dirichlet_strong,0.8230895915678524,0.108538778680512,0.0005548015582995484,0.00042245566557566096,5000,30
credit,rf,7,b1_uniform,0.5762187088274046,0.16587918760782377,0.0010852346877026288,0.0003712235570426006,5000,30
credit,rf,7,b2_stratified,0.9196310935441371,0.03516207152854418,0.00014853704618641045,8.683464956877208e-05,5000,30
credit,rf,8,abc_corrected,0.6828722002635047,0.19039546159747994,0.0025651071106513805,0.00215746906075235,5000,30
credit,rf,8,dirichlet_strong,0.7231225296442687,0.16035500540062406,0.0018691169099746662,0.0012169609636446578,5000,30
credit,rf,8,b1_uniform,0.48725296442687743,0.1392101253801914,0.0023876620895643868,0.0006888267245163955,5000,30
credit,rf,8,b2_stratified,0.8505270092226614,0.06287305062888014,0.0004384062624344586,0.00021403791497247835,5000,30
credit,rf,9,abc_corrected,0.7533596837944664,0.1149247011736703,0.001208318823777517,0.000650495925797521,5000,30
credit,rf,9,dirichlet_strong,0.7861660079051382,0.10717270617778879,0.0007958943456693523,0.00047825381182656847,5000,30
credit,rf,9,b1_uniform,0.5659749670619235,0.12672404708607377,0.0017163848134301525,0.00047777313187657023,5000,30
credit,rf,9,b2_stratified,0.9249011857707511,0.029768076988945083,0.0002513694513510244,0.00010199751604417132,5000,30
credit,mlp,0,abc_corrected,0.8839262187088276,0.07756916296725185,0.004670460955116379,0.0036991781976327665,5000,30
credit,mlp,0,dirichlet_strong,0.8995718050065878,0.07588713358935548,0.0041199391418363825,0.004258227400351493,5000,30
credit,mlp,0,b1_uniform,0.870981554677207,0.029745855071681343,0.005003891660221043,0.0024224111293671227,5000,30
credit,mlp,0,b2_stratified,0.9636693017127799,0.0321783429232794,0.0009263356036496791,0.0009189992836962145,5000,30
credit,mlp,1,abc_corrected,0.6675559947299077,0.16913861316800638,0.0026709406350041254,0.001327853142866682,5000,30
credit,mlp,1,dirichlet_strong,0.7189064558629776,0.19724942792181313,0.0018727802313896235,0.00138795379459225,5000,30
credit,mlp,1,b1_uniform,0.5223320158102767,0.10231690567209481,0.0022337879735958104,0.000445799841431552,5000,30
credit,mlp,1,b2_stratified,0.922068511198946,0.05326367034841434,0.0005231688117719126,0.0003168146405761315,5000,30
credit,mlp,2,abc_corrected,0.8,0.14229674455651195,0.001296027984712238,0.0009039978301691373,5000,30
credit,mlp,2,dirichlet_strong,0.8566205533596837,0.0681461736848219,0.0008699115510123593,0.0006532826242452599,5000,30
credit,mlp,2,b1_uniform,0.7284914361001319,0.07572019613998965,0.0011703789277422167,0.0001881988816436818,5000,30
credit,mlp,2,b2_stratified,0.9447299077733862,0.050922053085677356,0.00015267572775416914,9.004645363510059e-05,5000,30
credit,mlp,3,abc_corrected,0.7878458498023715,0.14801745968687613,0.0024122909920578474,0.001880393845339145,5000,30
credit,mlp,3,dirichlet_strong,0.7718050065876152,0.19153602173422998,0.0024162052627435438,0.002417520971143176,5000,30
credit,mlp,3,b1_uniform,0.6466732542819499,0.12659967663361574,0.002009263894005875,0.0011683287539319379,5000,30
credit,mlp,3,b2_stratified,0.9300724637681161,0.03033203415212413,0.0004537516893371956,0.0003932649317161712,5000,30
credit,mlp,4,abc_corrected,0.8557641633728592,0.12786817928091482,0.0007006778447489008,0.0006016931506853028,5000,30
credit,mlp,4,dirichlet_strong,0.883596837944664,0.11697740700061461,0.0008189536084686264,0.0005358093366620745,5000,30
credit,mlp,4,b1_uniform,0.8672595520421608,0.045357297969481715,0.0003770879321158837,0.00010405237053317142,5000,30
credit,mlp,4,b2_stratified,0.9823451910408433,0.014227724019193403,6.502898490107685e-05,3.2948846998780415e-05,5000,30
credit,mlp,5,abc_corrected,0.8485507246376813,0.0605422632079984,0.0017008200383671938,0.0010035309956751696,5000,30
credit,mlp,5,dirichlet_strong,0.9050724637681162,0.04270705820619882,0.0010066033204316053,0.0008258812839182803,5000,30
credit,mlp,5,b1_uniform,0.7968379446640317,0.05211586482146432,0.0005736194026999543,0.00025259540981872864,5000,30
credit,mlp,5,b2_stratified,0.9711133069828722,0.013641335265760864,0.00016312671018949953,0.00012214550024363058,5000,30
credit,mlp,6,abc_corrected,0.8485836627140976,0.08439440321508196,0.0006911048761932225,0.0004477651296889084,5000,30
credit,mlp,6,dirichlet_strong,0.8813899868247694,0.0766497347162321,0.0006351084291177408,0.00046970653673485385,5000,30
credit,mlp,6,b1_uniform,0.8407114624505929,0.05129680044202823,0.0004179922646377202,0.00011540367243815262,5000,30
credit,mlp,6,b2_stratified,0.9583662714097496,0.023555307882059333,9.157335026734589e-05,4.7270393932879264e-05,5000,30
credit,mlp,7,abc_corrected,0.8772397891963111,0.08047980021907729,0.0003220420283051497,0.00024232956924702398,5000,30
credit,mlp,7,dirichlet_strong,0.9132081686429513,0.07053706560246446,0.00026283103046313597,0.0002233940090179193,5000,30
credit,mlp,7,b1_uniform,0.8470355731225298,0.04207939493300235,0.0001648533265639465,5.758031828475227e-05,5000,30
credit,mlp,7,b2_stratified,0.9735836627140976,0.011079930245625515,4.2942989704350256e-05,2.287243639108276e-05,5000,30
credit,mlp,8,abc_corrected,0.7781949934123849,0.09481420823132751,0.0005655587092678791,0.00033316911443766125,5000,30
credit,mlp,8,dirichlet_strong,0.7963438735177866,0.09392251339091298,0.000541716276151878,0.00029004856888027893,5000,30
credit,mlp,8,b1_uniform,0.7195652173913044,0.07478150494858254,0.0006019647725400278,0.00024004504020069188,5000,30
credit,mlp,8,b2_stratified,0.9052700922266139,0.04013101481470925,0.00014309399638469711,4.652488253872722e-05,5000,30
credit,mlp,9,abc_corrected,0.8433135704874836,0.08583906017622046,0.00044192277498188956,0.00034825386629125507,5000,30
credit,mlp,9,dirichlet_strong,0.8647891963109354,0.08154023558815322,0.00036452129262237926,0.000372844516421122,5000,30
credit,mlp,9,b1_uniform,0.7866930171277997,0.05634013440407812,0.00032132236369688166,0.00010340117011055635,5000,30
credit,mlp,9,b2_stratified,0.9439723320158102,0.029394146824840667,7.11817102139277e-05,3.754780218711319e-05,5000,30
